Datetime,Water Level (m)
2026-01-15 12:00:00,0.0015400533
2026-01-15 13:00:00,0.0017275607
2026-01-15 14:00:00,0.002155508
2026-01-15 15:00:00,0.002805668
2026-01-15 16:00:00,0.0031839518
2026-01-15 17:00:00,0.0033404462
2026-01-15 18:00:00,0.0032861552
2026-01-15 19:00:00,0.003053555
2026-01-15 20:00:00,0.003030002
2026-01-15 21:00:00,0.0030808982
2026-01-15 22:00:00,0.002781285
2026-01-15 23:00:00,0.0027592157
2026-01-16 00:00:00,0.0027665743
2026-01-16 01:00:00,0.0027309975
2026-01-16 02:00:00,0.0027681733
2026-01-16 03:00:00,0.0033316922
2026-01-16 04:00:00,0.0039550406
2026-01-16 05:00:00,0.0038313072
2026-01-16 06:00:00,0.0034070106
2026-01-16 07:00:00,0.0031851414
2026-01-16 08:00:00,0.00296182
2026-01-16 09:00:00,0.0028381913
2026-01-16 10:00:00,0.0025833757
2026-01-16 11:00:00,0.0022078028
2026-01-16 12:00:00,0.0020001784
2026-01-16 13:00:00,0.0022497503
2026-01-16 14:00:00,0.0023551069
2026-01-16 15:00:00,0.002445356
2026-01-16 16:00:00,0.002868974
2026-01-16 17:00:00,0.0031858417
2026-01-16 18:00:00,0.0033526327
2026-01-16 19:00:00,0.0034544382
2026-01-16 20:00:00,0.0038498621
2026-01-16 21:00:00,0.0036330563
2026-01-16 22:00:00,0.0030501462
2026-01-16 23:00:00,0.00332896
2026-01-17 00:00:00,0.0030028326
2026-01-17 01:00:00,0.0022217853
2026-01-17 02:00:00,0.0021629026
2026-01-17 03:00:00,0.002491206
2026-01-17 04:00:00,0.0033609215
2026-01-17 05:00:00,0.003690967
2026-01-17 06:00:00,0.0043168315
2026-01-17 07:00:00,0.004087624
2026-01-17 08:00:00,0.0033885918
2026-01-17 09:00:00,0.002969839
2026-01-17 10:00:00,0.0025647348
2026-01-17 11:00:00,0.0019730357
2026-01-17 12:00:00,0.0015791578
2026-01-17 13:00:00,0.0016048002
2026-01-17 14:00:00,0.0018409679
2026-01-17 15:00:00,0.002246606
2026-01-17 16:00:00,0.0027563444
2026-01-17 17:00:00,0.0030784258
2026-01-17 18:00:00,0.0035859486
2026-01-17 19:00:00,0.0040975534
2026-01-17 20:00:00,0.00419285
2026-01-17 21:00:00,0.0037216365
2026-01-17 22:00:00,0.0030721135
2026-01-17 23:00:00,0.0028219821
2026-01-18 00:00:00,0.0024159155
2026-01-18 01:00:00,0.0020080314
2026-01-18 02:00:00,0.0016669454
2026-01-18 03:00:00,0.0020599596
2026-01-18 04:00:00,0.0028645329
2026-01-18 05:00:00,0.0035566096
2026-01-18 06:00:00,0.00354133
2026-01-18 07:00:00,0.003592196
2026-01-18 08:00:00,0.0035301978
2026-01-18 09:00:00,0.0033301273
2026-01-18 10:00:00,0.0025752517
2026-01-18 11:00:00,0.001978965
2026-01-18 12:00:00,0.0016919387
2026-01-18 13:00:00,0.0014834306
2026-01-18 14:00:00,0.001889491
2026-01-18 15:00:00,0.0022560689
2026-01-18 16:00:00,0.002457503
2026-01-18 17:00:00,0.0027801169
2026-01-18 18:00:00,0.002748156
2026-01-18 19:00:00,0.0026300715
2026-01-18 20:00:00,0.002791572
2026-01-18 21:00:00,0.0030075584
2026-01-18 22:00:00,0.0026041996
2026-01-18 23:00:00,0.0016758508
2026-01-19 00:00:00,0.0012582528
2026-01-19 01:00:00,0.0013133953
2026-01-19 02:00:00,0.0014494932
2026-01-19 03:00:00,0.0018099862
2026-01-19 04:00:00,0.0020889125
2026-01-19 05:00:00,0.0024181406
2026-01-19 06:00:00,0.0028625268
2026-01-19 07:00:00,0.00321306
2026-01-19 08:00:00,0.003430998
2026-01-19 09:00:00,0.0034327016
2026-01-19 10:00:00,0.003314925
2026-01-19 11:00:00,0.0026839776
2026-01-19 12:00:00,0.0017681341
2026-01-19 13:00:00,0.0012783558
2026-01-19 14:00:00,0.0010575729
2026-01-19 15:00:00,0.0011122398
2026-01-19 16:00:00,0.0013516501
2026-01-19 17:00:00,0.0016370844
2026-01-19 18:00:00,0.0019516629
2026-01-19 19:00:00,0.0025236073
2026-01-19 20:00:00,0.0030880093
2026-01-19 21:00:00,0.0030664313
2026-01-19 22:00:00,0.002420621
2026-01-19 23:00:00,0.0016999275
2026-01-20 00:00:00,0.0011959479
2026-01-20 01:00:00,0.0011045897
2026-01-20 02:00:00,0.001024577
2026-01-20 03:00:00,0.0013002628
2026-01-20 04:00:00,0.0018363496
2026-01-20 05:00:00,0.0022624023
2026-01-20 06:00:00,0.0027198268
2026-01-20 07:00:00,0.0035156203
2026-01-20 08:00:00,0.0047897096
2026-01-20 09:00:00,0.005990146
2026-01-20 10:00:00,0.006484681
2026-01-20 11:00:00,0.0050438154
2026-01-20 12:00:00,0.0031709636
2026-01-20 13:00:00,0.0019519634
2026-01-20 14:00:00,0.0013113207
2026-01-20 15:00:00,0.0013246934
2026-01-20 16:00:00,0.0011009524
2026-01-20 17:00:00,0.0013337994
2026-01-20 18:00:00,0.0019877548
2026-01-20 19:00:00,0.0021202457
2026-01-20 20:00:00,0.002264283
2026-01-20 21:00:00,0.0022416164
2026-01-20 22:00:00,0.0019604021
2026-01-20 23:00:00,0.0014011277
2026-01-21 00:00:00,0.0009695817
2026-01-21 01:00:00,0.000748234
2026-01-21 02:00:00,0.0006259744
2026-01-21 03:00:00,0.0009038016
2026-01-21 04:00:00,0.0015896739
2026-01-21 05:00:00,0.002480168
2026-01-21 06:00:00,0.0034544028
2026-01-21 07:00:00,0.004513349
2026-01-21 08:00:00,0.005546368
2026-01-21 09:00:00,0.006289491
2026-01-21 10:00:00,0.006091188
2026-01-21 11:00:00,0.0042537875
2026-01-21 12:00:00,0.0023764262
